Type;Status;Name;Type;Name;Type;Name;Type;Name;Type;Name;Type;Name;Type;Name;Type;Name;Type;Name;Type;Name;Type;Name;Type;Name
Entrypoint;KEEP;ACL Voter;Node;profilesUidByProduct;;;;;;;;;;;;;;;;;;;;
Node;DELETE;adapterAdaptRecipe;Exitpoint;recipe-adapter-service;;;;;;;;;;;;;;;;;;;;
Node;KEEP;adapterCreateVariant;Exitpoint;recipe-adapter-service;;;;;;;;;;;;;;;;;;;;
Node;DELETE;adapterRevertRecipeAdaptation;Exitpoint;recipe-adapter-service;;;;;;;;;;;;;;;;;;;;
Node;DELETE;adaptRecipe;Node;adapterAdaptRecipe;;;;;;;;;;;;;;;;;;;;
Node;KEEP;adaptVariantRecipe;Node;adapterCreateVariant;;;;;;;;;;;;;;;;;;;;
Node;KEEP;anonymizeEaiAsynchronousProfiles;Node;datastoreEaiAnonymizeProfilesAsynchronous;Node;eaiProfileIndexation;;;;;;;;;;;;;;;;;;
Node;KEEP;anonymizeProfile;Node;datastoreAnonymizeProfileByProfileUid;Node;indexCreateSimple;;;;;;;;;;;;;;;;;;
Exitpoint;VALIDATE;Any Host;;;;;;;;;;;;;;;;;;;;;;
Exitpoint;DELETE;ApiPro Service;;;;;;;;;;;;;;;;;;;;;;
Node;DELETE;apiproCreateRecipe;Node;apiproRoute;Node;apiproUpdateRecipeStatus;;;;;;;;;;;;;;;;;;
Node;DELETE;apiproGetToken;Exitpoint;ApiPro Service;;;;;;;;;;;;;;;;;;;;
Node;DELETE;apiproReadMedia;Exitpoint;ApiPro Service;;;;;;;;;;;;;;;;;;;;
Node;DELETE;apiproRoute;Exitpoint;ApiPro Service;;;;;;;;;;;;;;;;;;;;
Node;DELETE;apiproSearchBySourceUri;Node;apiproRoute;;;;;;;;;;;;;;;;;;;;
Node;DELETE;apiproSynchronization;Exitpoint;ApiPro Service;;;;;;;;;;;;;;;;;;;;
Node;DELETE;apiproSynchronizeRecipe;Node;apiproCreateRecipe;Node;apiproUpdateRecipe;;;;;;;;;;;;;;;;;;
Node;DELETE;apiproUpdateRecipe;Node;apiproSearchBySourceUri;Node;apiproCreateRecipe;Node;apiproRoute;Node;apiproUpdateRecipeStatus;;;;;;;;;;;;;;
Node;DELETE;apiproUpdateRecipeStatus;Node;apiproRoute;;;;;;;;;;;;;;;;;;;;
Node;DELETE;asynchDelete;Node;enrichDelete;;;;;;;;;;;;;;;;;;;;
Node;KEEP;autocompletion;Exitpoint;search-query-service;;;;;;;;;;;;;;;;;;;;
Node;KEEP;batchComments;Node;datastoreBatch;Node;indexAndMailComment;Node;datastoreBatch;Node;prepareIndexComment;;;;;;;;;;;;;;
Exitpoint;KEEP;Binerator service;;;;;;;;;;;;;;;;;;;;;;
Node;KEEP;bineratorGeneratePackBinary;Node;processingGeneration;;;;;;;;;;;;;;;;;;;;
Node;KEEP;bineratorGenerateRecipeBinary;Node;processingGeneration;;;;;;;;;;;;;;;;;;;;
Node;VALIDATE;catchingGlobalProcess;Node;refreshDocument;Node;upgradeResourceMedia;Node;updateDocument;;;;;;;;;;;;;;;;
Node;KEEP;checkDuplication;Node;datastoreCheckDuplication;;;;;;;;;;;;;;;;;;;;
Node;KEEP;commonFindLibraryRoute;Exitpoint;datastore-service;;;;;;;;;;;;;;;;;;;;
Node;DELETE;contextCreateContexts;Exitpoint;context-service;;;;;;;;;;;;;;;;;;;;
Exitpoint;DELETE;context-service;;;;;;;;;;;;;;;;;;;;;;
Node;KEEP;copyContents;Node;datastoreCopyContents;Node;crudIndexation;;;;;;;;;;;;;;;;;;
Node;KEEP;copyRecipes;Node;datastoreBatch;Node;semantizeRecipe;Node;deleteSemantizedRecipeError;;;;;;;;;;;;;;;;
Node;FIX;create;Node;datastoreCreate;Node;apiproSynchronizeRecipe;Node;crudIndexation;Node;enrichRecipe;;;;;;;;;;;;;;
Node;DELETE;createContexts;Node;contextCreateContexts;;;;;;;;;;;;;;;;;;;;
Node;KEEP;createEvaluationAndGetAverage;Node;datastoreCrud;Node;datastoreGetRecipeCommunity;;;;;;;;;;;;;;;;;;
Node;KEEP;crud;Node;specificBeforeCRUDOperation;Node;datastoreCrud;Node;specificAfterCRUDOperation;;;;;;;;;;;;;;;;
Node;KEEP;crudHousehold;Node;crud;Node;profileIndexation;;;;;;;;;;;;;;;;;;
Node;KEEP;crudHouseholdMembers;Node;datastoreCrudHouseholdMembers;;;;;;;;;;;;;;;;;;;;
Node;KEEP;crudIndexation;Node;datastoreGetResourceInSearchVersion;Node;indexCreateSimple;;;;;;;;;;;;;;;;;;
Node;FIX;cuRecipe;Node;crud;Node;apiproSynchronizeRecipe;Node;semantizeRecipe;;;;;;;;;;;;;;;;
Exitpoint;KEEP;data-collect;;;;;;;;;;;;;;;;;;;;;;
Node;KEEP;dataCollectResource;Exitpoint;data-collect;;;;;;;;;;;;;;;;;;;;
Exitpoint;VALIDATE;data-refs-export-service;;;;;;;;;;;;;;;;;;;;;;
Node;KEEP;datastoreAnonymizeProfileByProfileUid;Node;datastoreRoute;;;;;;;;;;;;;;;;;;;;
Node;KEEP;datastoreBatch;Exitpoint;datastore-service;;;;;;;;;;;;;;;;;;;;
Node;KEEP;datastoreCheckDuplication;Node;datastoreRoute;;;;;;;;;;;;;;;;;;;;
Node;KEEP;datastoreCopyContents;Node;datastoreBatch;;;;;;;;;;;;;;;;;;;;
Node;KEEP;datastoreCreate;Exitpoint;datastore-service;;;;;;;;;;;;;;;;;;;;
Node;KEEP;datastoreCrud;Node;datastoreRoute;;;;;;;;;;;;;;;;;;;;
Node;KEEP;datastoreCrudBinary;Node;datastoreRoute;;;;;;;;;;;;;;;;;;;;
Node;KEEP;datastoreCrudHouseholdMembers;Node;datastoreRoute;;;;;;;;;;;;;;;;;;;;
Node;KEEP;datastoreDelete;Exitpoint;datastore-service;;;;;;;;;;;;;;;;;;;;
Node;KEEP;datastoreDeleteArchive;Node;datastoreRoute;;;;;;;;;;;;;;;;;;;;
Node;DELETE;datastoreDeleteConsistency;Exitpoint;datastore-service;;;;;;;;;;;;;;;;;;;;
Node;KEEP;datastoreDeleteNotificationToken;Node;datastoreRoute;;;;;;;;;;;;;;;;;;;;
Node;KEEP;datastoreDeleteProductReferences;Node;datastoreRoute;Node;crudIndexation;;;;;;;;;;;;;;;;;;
Node;KEEP;datastoreDeleteRecipe;Node;datastoreRoute;;;;;;;;;;;;;;;;;;;;
Node;KEEP;datastoreDeleteRecipeAndVariants;Node;datastoreRoute;;;;;;;;;;;;;;;;;;;;
Node;DELETE;datastoreDoubleOptin;Node;datastoreRoute;;;;;;;;;;;;;;;;;;;;
Node;KEEP;datastoreDuplicateApplianceGroup;Node;datastoreRoute;;;;;;;;;;;;;;;;;;;;
Node;KEEP;datastoreEaiAnonymizeProfilesAsynchronous;Node;datastoreRoute;;;;;;;;;;;;;;;;;;;;
Node;KEEP;datastoreEaiProfilesAsynchronous;Node;datastoreRoute;;;;;;;;;;;;;;;;;;;;
Node;KEEP;datastoreFindAbacusesByIdentifier;Node;datastoreRoute;;;;;;;;;;;;;;;;;;;;
Node;KEEP;datastoreFindAndClassifyProfile;Node;datastoreRoute;;;;;;;;;;;;;;;;;;;;
Node;DELETE;datastoreFindConsistency;Exitpoint;datastore-service;;;;;;;;;;;;;;;;;;;;
Node;KEEP;datastoreFindContentsLibraryByType;Node;commonFindLibraryRoute;;;;;;;;;;;;;;;;;;;;
Node;KEEP;datastoreFindContentsLibraryByTypeAndParent;Node;commonFindLibraryRoute;;;;;;;;;;;;;;;;;;;;
Node;FIX;datastoreFindLastModifiedReferenceData;Node;datastoreSearch;;;;;;;;;;;;;;;;;;;;
Node;KEEP;datastoreFindRecipePlains;Node;datastoreRoute;;;;;;;;;;;;;;;;;;;;
Node;DELETE;datastoreFindRecipesByGenericDish;Exitpoint;datastore-service;;;;;;;;;;;;;;;;;;;;
Node;KEEP;datastoreFindResources;Exitpoint;datastore-service;Exitpoint;datastore-service;;;;;;;;;;;;;;;;;;
Node;KEEP;datastoreFindTemplateRecipes;Node;datastoreRoute;;;;;;;;;;;;;;;;;;;;
Node;KEEP;datastoreGenerateCommentPlain;Node;datastoreRoute;;;;;;;;;;;;;;;;;;;;
Node;KEEP;datastoreGenerateRecipePlain;Node;datastoreRoute;;;;;;;;;;;;;;;;;;;;
Node;KEEP;datastoreGetAbacusMarketsForDomain;Node;datastoreRoute;;;;;;;;;;;;;;;;;;;;
Node;KEEP;datastoreGetAllAbacusByMarket;Node;datastoreRoute;;;;;;;;;;;;;;;;;;;;
Node;KEEP;datastoreGetAuthenticatedProfile;Node;datastoreRoute;;;;;;;;;;;;;;;;;;;;
Node;DELETE;datastoreGetCommentPlains;Node;datastoreRoute;;;;;;;;;;;;;;;;;;;;
Node;VALIDATE;datastoreGetContentTree;Exitpoint;datastore-service;;;;;;;;;;;;;;;;;;;;
Node;KEEP;datastoreGetExtendedProfile;Node;datastoreRoute;;;;;;;;;;;;;;;;;;;;
Node;KEEP;datastoreGetOneReferenceDataAssociatedDomains;Exitpoint;datastore-service;;;;;;;;;;;;;;;;;;;;
Node;DELETE;datastoreGetOtherEquipments;;;;;;;;;;;;;;;;;;;;;;
Node;KEEP;datastoreGetProductReferences;Node;datastoreRoute;;;;;;;;;;;;;;;;;;;;
Node;KEEP;datastoregetprofileByRcuUserId;Node;datastoreRoute;;;;;;;;;;;;;;;;;;;;
Node;DELETE;datastoreGetRandomSuggestions;Exitpoint;datastore-service;;;;;;;;;;;;;;;;;;;;
Node;KEEP;datastoreGetRecipeCommunity;Node;datastoreRoute;;;;;;;;;;;;;;;;;;;;
Node;KEEP;datastoreGetReferenceDataAssociatedDomains;Exitpoint;datastore-service;;;;;;;;;;;;;;;;;;;;
Node;KEEP;datastoreGetReferenceDataLabelDomainMarketLang;Node;datastoreRoute;;;;;;;;;;;;;;;;;;;;
Node;KEEP;datastoreGetResourceInSearchVersion;Node;datastoreCrud;;;;;;;;;;;;;;;;;;;;
Node;VALIDATE;datastoreGetSemanticImprovers;Node;datastoreRoute;;;;;;;;;;;;;;;;;;;;
Node;DELETE;datastoreGetUuidByFid;Exitpoint;datastore-service;;;;;;;;;;;;;;;;;;;;
Node;KEEP;datastoreLogin;Node;datastoreRoute;;;;;;;;;;;;;;;;;;;;
Node;KEEP;datastoreMembersByProfiles;Node;datastoreRoute;;;;;;;;;;;;;;;;;;;;
Node;FIX;datastoreMoveProfileToAnotherPerimeter;Node;datastoreRoute;;;;;;;;;;;;;;;;;;;;
Node;KEEP;datastoreProductInProfile;Node;datastoreRoute;;;;;;;;;;;;;;;;;;;;
Node;DELETE;datastoreProfileAuthentication;Exitpoint;datastore-service;;;;;;;;;;;;;;;;;;;;
Node;KEEP;datastoreProfilePerimeterByProfileUid;Exitpoint;datastore-service;;;;;;;;;;;;;;;;;;;;
Node;KEEP;datastoreProfilesByPlace;Node;datastoreRoute;;;;;;;;;;;;;;;;;;;;
Node;KEEP;datastoreProfilesByPreference;Node;datastoreRoute;;;;;;;;;;;;;;;;;;;;
Node;KEEP;datastoreProfilesByProduct;Node;datastoreRoute;;;;;;;;;;;;;;;;;;;;
Node;KEEP;datastorePublishArchive;Node;datastoreRoute;;;;;;;;;;;;;;;;;;;;
Node;KEEP;datastorePublishBinary;Node;datastoreRoute;;;;;;;;;;;;;;;;;;;;
Node;KEEP;datastorePublishPack;Node;datastoreRoute;;;;;;;;;;;;;;;;;;;;
Node;KEEP;datastoreReadAll;Exitpoint;datastore-service;;;;;;;;;;;;;;;;;;;;
Node;DELETE;datastoreReadBatch;Exitpoint;datastore-service;;;;;;;;;;;;;;;;;;;;
Node;VALIDATE;datastoreReadById;Exitpoint;datastore-service;;;;;;;;;;;;;;;;;;;;
Node;KEEP;datastoreReadEvaluationByRecipeAndUser;Node;datastoreRoute;;;;;;;;;;;;;;;;;;;;
Node;KEEP;datastoreReadEvaluationByUserAndDate;Node;datastoreRoute;;;;;;;;;;;;;;;;;;;;
Node;KEEP;datastoreReadEvaluationByUserId;Node;datastoreRoute;;;;;;;;;;;;;;;;;;;;
Node;DELETE;datastoreReadFood;Exitpoint;datastore-service;;;;;;;;;;;;;;;;;;;;
Node;KEEP;datastoreReadPack;Node;datastoreCrud;;;;;;;;;;;;;;;;;;;;
Node;DELETE;datastoreReadRecipeAdaptations;Exitpoint;datastore-service;;;;;;;;;;;;;;;;;;;;
Node;KEEP;datastoreReadReferenceData;Node;datastoreRoute;;;;;;;;;;;;;;;;;;;;
Node;KEEP;datastoreRecipeModeration;Node;datastoreRoute;;;;;;;;;;;;;;;;;;;;
Node;KEEP;datastoreRecipePackAssociation;Node;datastoreRoute;;;;;;;;;;;;;;;;;;;;
Node;KEEP;datastoreRegenerateIds;Node;datastoreRoute;;;;;;;;;;;;;;;;;;;;
Node;KEEP;datastoreRoute;Exitpoint;datastore-service;;;;;;;;;;;;;;;;;;;;
Node;FIX;datastoreRouteNative;Exitpoint;datastore-service;;;;;;;;;;;;;;;;;;;;
Node;KEEP;datastoreSaveNotificationToken;Exitpoint;datastore-service;;;;;;;;;;;;;;;;;;;;
Node;KEEP;datastoreSearch;Node;datastoreRoute;;;;;;;;;;;;;;;;;;;;
Node;DELETE;datastoreSearchSchedules;;;;;;;;;;;;;;;;;;;;;;
Exitpoint;KEEP;datastore-service;;;;;;;;;;;;;;;;;;;;;;
Node;KEEP;datastoreSynchronization;Node;toDatastore;;;;;;;;;;;;;;;;;;;;
Node;KEEP;datastoreSynchronizationComment;;;;;;;;;;;;;;;;;;;;;;
Node;KEEP;datastoreSynchronizationContent;;;;;;;;;;;;;;;;;;;;;;
Node;KEEP;datastoreSynchronizationEvaluation;;;;;;;;;;;;;;;;;;;;;;
Node;KEEP;datastoreSynchronizationOther;;;;;;;;;;;;;;;;;;;;;;
Node;KEEP;datastoreSynchronizationPack;;;;;;;;;;;;;;;;;;;;;;
Node;KEEP;datastoreSynchronizationRecipe;;;;;;;;;;;;;;;;;;;;;;
Node;DELETE;datastoreTranscodificationData;Exitpoint;datastore-service;;;;;;;;;;;;;;;;;;;;
Node;KEEP;datastoreUniquenessSerialNumber;Node;datastoreRoute;;;;;;;;;;;;;;;;;;;;
Node;KEEP;datastoreUnpublishPack;Node;datastoreRoute;;;;;;;;;;;;;;;;;;;;
Node;DELETE;datastoreUpdate;Exitpoint;datastore-service;;;;;;;;;;;;;;;;;;;;
Node;VALIDATE;datastoreUpdateContentTreeStatus;Exitpoint;datastore-service;;;;;;;;;;;;;;;;;;;;
Node;KEEP;datastoreUpdateDeleteAccount;Node;datastoreRoute;;;;;;;;;;;;;;;;;;;;
Node;DELETE;datastoreUpdateOptins;;;;;;;;;;;;;;;;;;;;;;
Node;KEEP;datastoreUpdateProductWithMarket;Node;crud;;;;;;;;;;;;;;;;;;;;
Node;KEEP;datastoreUpdateProfileWrapper;Node;datastoreRoute;;;;;;;;;;;;;;;;;;;;
Node;KEEP;datastoreUpdateReferenceDataAssociatedDomains;Node;datastoreRoute;;;;;;;;;;;;;;;;;;;;
Node;KEEP;datastoreUpdateSemanticImprover;Node;datastoreRoute;;;;;;;;;;;;;;;;;;;;
Node;KEEP;datastoreUpdateVariantsStatus;Node;datastoreRoute;;;;;;;;;;;;;;;;;;;;
Node;DELETE;datastoreUserLearnt;Exitpoint;datastore-service;;;;;;;;;;;;;;;;;;;;
Node;DELETE;delete;Node;datastoreDelete;Node;asynchDelete;;;;;;;;;;;;;;;;;;
Entrypoint;KEEP;DELETE /admin/domains/{domain}/recipes;Node;findUidRecipesByDomain;Node;deleteRecipeByUid;;;;;;;;;;;;;;;;;;
Entrypoint;KEEP;DELETE /comments/batch;Node;batchComments;;;;;;;;;;;;;;;;;;;;
Entrypoint;KEEP;DELETE /households/{sourceSystem}/{functionalId}/members;Node;crudHouseholdMembers;;;;;;;;;;;;;;;;;;;;
Entrypoint;KEEP;DELETE /packs/{packKey}/binaries/{binaryId};Node;rudBinary;Node;readReferenceData;;;;;;;;;;;;;;;;;;
Entrypoint;KEEP;DELETE /productReferences/{key};Node;deleteProductReferencesHierarchy;;;;;;;;;;;;;;;;;;;;
Entrypoint;KEEP;DELETE /profiles/{sourceSystem}/{functionalId};Node;anonymizeProfile;;;;;;;;;;;;;;;;;;;;
Entrypoint;KEEP;DELETE /profiles/me;Node;anonymizeProfile;;;;;;;;;;;;;;;;;;;;
Entrypoint;KEEP;DELETE /recipes/{sourceSystem}/{functionalId};Node;deleteRecipe;Node;deleteRecipeAndVariants;;;;;;;;;;;;;;;;;;
Entrypoint;KEEP;DELETE /recipes/{sourceSystem}/{functionalId}/allVariants;Node;deleteRecipe;Node;deleteRecipeAndVariants;;;;;;;;;;;;;;;;;;
Entrypoint;KEEP;DELETE /recipes/{sourceSystem}/{functionalId}/binaries/{binaryId};Node;rudBinary;;;;;;;;;;;;;;;;;;;;
Entrypoint;KEEP;DELETE /recipes/{sourceSystem}/{functionalId}/packs/{packKey};Node;recipePackAssociation;;;;;;;;;;;;;;;;;;;;
Entrypoint;KEEP;DELETE /referenceTypes/{resourceName};Node;functionalCreateDomainForReferenceDataType;;;;;;;;;;;;;;;;;;;;
Entrypoint;KEEP;DELETE /statics/{fid};Node;medias;;;;;;;;;;;;;;;;;;;;
Entrypoint;KEEP;DELETE /statics/{mediaId}/transformations;Node;medias;;;;;;;;;;;;;;;;;;;;
Entrypoint;VALIDATE;DELETE /topRecipes/{topRecipeFunctionalId};Node;getRecipesInfoByTopRecipe;Node;deleteTopRecipe;;;;;;;;;;;;;;;;;;
Entrypoint;KEEP;DELETE /v2/notificationTokens/{token};Node;datastoreDeleteNotificationToken;;;;;;;;;;;;;;;;;;;;
Entrypoint;KEEP;DELETE /v2/packs/{packKey}/archives/{archiveId};Node;medias;Node;readReferenceData;Node;deleteArchive;;;;;;;;;;;;;;;;
Entrypoint;KEEP;DELETE /v2/profiles/{sourceSystem}/{functionalId}/pairing/{token};Node;datastoreDeleteNotificationToken;;;;;;;;;;;;;;;;;;;;
Entrypoint;KEEP;DELETE /v2/rcuProfiles/{rcuAccountId};Node;anonymizeEaiAsynchronousProfiles;;;;;;;;;;;;;;;;;;;;
Node;KEEP;deleteArchive;Node;datastoreDeleteArchive;;;;;;;;;;;;;;;;;;;;
Node;KEEP;deleteProductReferencesHierarchy;Node;datastoreDeleteProductReferences;;;;;;;;;;;;;;;;;;;;
Node;KEEP;deleteRecipe;Node;datastoreDeleteRecipe;Node;crudIndexation;;;;;;;;;;;;;;;;;;
Node;KEEP;deleteRecipeAndVariants;Node;datastoreDeleteRecipeAndVariants;Node;crudIndexation;;;;;;;;;;;;;;;;;;
Node;KEEP;deleteRecipeByUid;Node;datastoreRoute;Node;indexCreateSimple;;;;;;;;;;;;;;;;;;
Node;DELETE;deleteRecipeInSearchIndex;Node;indexDelete;;;;;;;;;;;;;;;;;;;;
Node;KEEP;deleteSemantizedRecipeError;Node;datastoreDelete;;;;;;;;;;;;;;;;;;;;
Node;VALIDATE;deleteTopRecipe;Node;datastoreCrud;Node;searchRemoveRecipe;;;;;;;;;;;;;;;;;;
Node;KEEP;denormalizeComments;Node;datastoreGenerateCommentPlain;;;;;;;;;;;;;;;;;;;;
Node;KEEP;denormalizeRecipes;Node;datastoreGenerateRecipePlain;;;;;;;;;;;;;;;;;;;;
Node;DELETE;differentiate;Node;differentiatorCompareRecipes;;;;;;;;;;;;;;;;;;;;
Node;DELETE;differentiatorCompareRecipes;Exitpoint;Differentiator Service;;;;;;;;;;;;;;;;;;;;
Node;DELETE;doubleOptin;Node;datastoreDoubleOptin;;;;;;;;;;;;;;;;;;;;
Node;VALIDATE;dowloadAndUpload;Node;downloadFile;Node;medias;;;;;;;;;;;;;;;;;;
Node;VALIDATE;downloadFile;Exitpoint;Any Host;;;;;;;;;;;;;;;;;;;;
Node;KEEP;dsCreateDomainForReferenceDataType;Node;datastoreRoute;;;;;;;;;;;;;;;;;;;;
Node;KEEP;duplicateApplianceGroup;Node;datastoreDuplicateApplianceGroup;;;;;;;;;;;;;;;;;;;;
Node;KEEP;eaiProfileIndexation;Node;crudIndexation;;;;;;;;;;;;;;;;;;;;
Node;KEEP;enrich;Exitpoint;semantic-service;Node;datastoreSearch;;;;;;;;;;;;;;;;;;
Node;DELETE;enrichDelete;Exitpoint;semantic-service;;;;;;;;;;;;;;;;;;;;
Node;KEEP;enrichmentAndIndexationAndDatastoreUpdate;Node;toSemanticAndSuggestion;;;;;;;;;;;;;;;;;;;;
Node;KEEP;enrichRecipe;Node;enrichmentAndIndexationAndDatastoreUpdate;;;;;;;;;;;;;;;;;;;;
Node;KEEP;exportDataRef;Exitpoint;data-refs-export-service;;;;;;;;;;;;;;;;;;;;
Node;KEEP;exportDataRefBatch;Node;exportDataRef;;;;;;;;;;;;;;;;;;;;
Node;KEEP;exportRecipes;Node;recipesExporter;;;;;;;;;;;;;;;;;;;;
Node;KEEP;findAbacusesByIdentifier;Node;datastoreFindAbacusesByIdentifier;;;;;;;;;;;;;;;;;;;;
Node;KEEP;findAndClassifyProfile;Node;datastoreFindAndClassifyProfile;;;;;;;;;;;;;;;;;;;;
Node;KEEP;findAndIndex;Node;datastoreFindResources;Node;parallelIndexation;;;;;;;;;;;;;;;;;;
Node;KEEP;findByEmailInPerimeter;Node;searchProfile;;;;;;;;;;;;;;;;;;;;
Node;KEEP;findByHouseholdAndDomains;Node;datastoreSearch;;;;;;;;;;;;;;;;;;;;
Node;DELETE;findByLoginInPerimeter;Node;searchProfile;;;;;;;;;;;;;;;;;;;;
Node;KEEP;findByTopRecipeUidIndexationFormat;Node;datastoreSearch;;;;;;;;;;;;;;;;;;;;
Node;KEEP;findContentsLibraryByType;Node;datastoreFindContentsLibraryByType;;;;;;;;;;;;;;;;;;;;
Node;KEEP;findContentsLibraryByTypeAndParent;Node;datastoreFindContentsLibraryByTypeAndParent;;;;;;;;;;;;;;;;;;;;
Node;KEEP;findHouseholdByProfileId;Node;datastoreSearch;;;;;;;;;;;;;;;;;;;;
Node;KEEP;findOtherVariants;Node;datastoreSearch;;;;;;;;;;;;;;;;;;;;
Node;KEEP;findProfilePerimterByProfileUid;Node;datastoreProfilePerimeterByProfileUid;;;;;;;;;;;;;;;;;;;;
Node;KEEP;findRecipePlains;Node;datastoreFindRecipePlains;;;;;;;;;;;;;;;;;;;;
Node;KEEP;findRecipesByPack;Node;datastoreSearch;;;;;;;;;;;;;;;;;;;;
Node;KEEP;findSubprogramByHousehold;Node;datastoreSearch;;;;;;;;;;;;;;;;;;;;
Node;KEEP;findTemplateRecipes;Node;datastoreFindTemplateRecipes;;;;;;;;;;;;;;;;;;;;
Node;DELETE;findTopRecipeIdsByPack;Node;datastoreSearch;;;;;;;;;;;;;;;;;;;;
Node;KEEP;findUidRecipesByDomain;Node;datastoreSearch;;;;;;;;;;;;;;;;;;;;
Node;KEEP;findVariantsUids;Node;datastoreSearch;;;;;;;;;;;;;;;;;;;;
Node;KEEP;FirstIndexation;Node;findAndIndex;Node;loopIndexation;;;;;;;;;;;;;;;;;;
Node;KEEP;functionalCreateDomainForReferenceDataType;Node;dsCreateDomainForReferenceDataType;;;;;;;;;;;;;;;;;;;;
Node;KEEP;functionalGetOneReferenceDataAssociatedDomains;Node;datastoreGetOneReferenceDataAssociatedDomains;;;;;;;;;;;;;;;;;;;;
Node;KEEP;functionalGetReferenceDataAssociatedDomains;Node;datastoreGetReferenceDataAssociatedDomains;;;;;;;;;;;;;;;;;;;;
Node;KEEP;functionalGetReferenceDataLabelDomainMarketLang;Node;datastoreGetReferenceDataLabelDomainMarketLang;;;;;;;;;;;;;;;;;;;;
Node;KEEP;functionalGetReferenceDataTargetDomains;Node;datastoreSearch;;;;;;;;;;;;;;;;;;;;
Node;KEEP;functionalUpdateReferenceDataAssociatedDomains;Node;datastoreUpdateReferenceDataAssociatedDomains;;;;;;;;;;;;;;;;;;;;
Node;KEEP;generatePackBinary;Node;preparePackBinary;Node;findRecipesByPack;Node;bineratorGeneratePackBinary;Node;uploadAndAttachBinary;;;;;;;;;;;;;;
Node;KEEP;generateRecipeBinary;Node;getRecipesByTopRecipe;Node;bineratorGenerateRecipeBinary;Node;uploadAndAttachBinary;;;;;;;;;;;;;;;;
Entrypoint;DELETE;GET /adaptation/{sourceSystemKey}/{functionalId};Node;readRecipeAdaptations;;;;;;;;;;;;;;;;;;;;
Entrypoint;VALIDATE;GET /contents/{sourceSystem}/{functionalId}/hierarchy;Node;getContentTree;;;;;;;;;;;;;;;;;;;;
Entrypoint;KEEP;GET /contents/librarys;Node;findContentsLibraryByType;;;;;;;;;;;;;;;;;;;;
Entrypoint;KEEP;GET /contents/librarys/{parentSourceSystem}/{parentFunctionalId};Node;findContentsLibraryByTypeAndParent;;;;;;;;;;;;;;;;;;;;
Entrypoint;KEEP;GET /households/{sourceSystem}/{functionalId}/members;Node;crudHouseholdMembers;;;;;;;;;;;;;;;;;;;;
Entrypoint;KEEP;GET /households/{sourceSystem}/{functionalId}/subprograms;Node;findSubprogramByHousehold;Node;findByHouseholdAndDomains;;;;;;;;;;;;;;;;;;
Entrypoint;KEEP;GET /packs/{packKey}/binaries;Node;rudBinary;;;;;;;;;;;;;;;;;;;;
Entrypoint;KEEP;GET /productReferences;Node;getProductReferencesHierarchy;;;;;;;;;;;;;;;;;;;;
Entrypoint;KEEP;GET /productReferences/hierarchy;Node;getProductReferencesHierarchy;;;;;;;;;;;;;;;;;;;;
Entrypoint;KEEP;GET /profiles/{sourceSystem}/{functionalId};Node;findHouseholdByProfileId;;;;;;;;;;;;;;;;;;;;
Entrypoint;KEEP;GET /profiles/{sourceSystem}/{functionalId}/evaluations/all;Node;readEvaluationByUserId;;;;;;;;;;;;;;;;;;;;
Entrypoint;KEEP;GET /profiles/{sourceSystem}/{functionalId}/export;Node;readExtendedProfile;;;;;;;;;;;;;;;;;;;;
Entrypoint;DELETE;GET /profiles/{sourceSystem}/{functionalId}/transactions;Node;getAllTransactions;;;;;;;;;;;;;;;;;;;;
Entrypoint;KEEP;GET /profiles/export;Node;profileExporter;;;;;;;;;;;;;;;;;;;;
Entrypoint;KEEP;GET /profiles/me;Node;findHouseholdByProfileId;;;;;;;;;;;;;;;;;;;;
Entrypoint;KEEP;GET /recipes/{sourceSystem}/{functionalId};;;;;;;;;;;;;;;;;;;;;;
Entrypoint;KEEP;GET /recipes/{sourceSystem}/{functionalId}/binaries ;Node;rudBinary;;;;;;;;;;;;;;;;;;;;
Entrypoint;KEEP;GET /recipes/{sourceSystem}/{functionalId}/comments;Node;paginatedRead;;;;;;;;;;;;;;;;;;;;
Entrypoint;KEEP;GET /recipes/{sourceSystem}/{functionalId}/evaluations;Node;readEvaluationByRecipeAndUser;Node;readEvaluationByUserAndDate;;;;;;;;;;;;;;;;;;
Entrypoint;DELETE;GET /recipes/{sourceSystem}/{functionalId}/learnt;Node;userLearnt;;;;;;;;;;;;;;;;;;;;
Entrypoint;VALIDATE;GET /recipes/{sourceSystem}/{functionalId}/variants;Node;getRecipesByTopRecipe;;;;;;;;;;;;;;;;;;;;
Entrypoint;KEEP;GET /references;Node;readAllReferenceData;;;;;;;;;;;;;;;;;;;;
Entrypoint;KEEP;GET /references/{resourceName};Node;readReferenceData;;;;;;;;;;;;;;;;;;;;
Entrypoint;KEEP;GET /references/{resourceName}/{key};Node;readReferenceData;;;;;;;;;;;;;;;;;;;;
Entrypoint;KEEP;GET /references/{resourceName}/{key}/targetDomains;Node;functionalGetReferenceDataTargetDomains;;;;;;;;;;;;;;;;;;;;
Entrypoint;KEEP;GET /referenceTypes;Node;functionalGetReferenceDataAssociatedDomains;;;;;;;;;;;;;;;;;;;;
Entrypoint;KEEP;GET /referenceTypes/{resourceName};Node;functionalGetOneReferenceDataAssociatedDomains;;;;;;;;;;;;;;;;;;;;
Entrypoint;FIX;GET /statics/{resolution}/{fileName:.+};Node;readMedia;;;;;;;;;;;;;;;;;;;;
Entrypoint;DELETE;GET /statics/findApiproMediaById;Node;readApiproMedia;;;;;;;;;;;;;;;;;;;;
Entrypoint;KEEP;GET /status;Node;searchRecipe;;;;;;;;;;;;;;;;;;;;
Entrypoint;DELETE;GET /suggest/recipes/community;Node;getRecipeSuggestion;Node;findHouseholdByProfileId;;;;;;;;;;;;;;;;;;
Entrypoint;DELETE;GET /suggest/recipes/navigationCards/{navigationCard};Node;getNavigationCardSuggestion;;;;;;;;;;;;;;;;;;;;
Entrypoint;DELETE;GET /suggest/recipes/similar/{sourceSystem}/{functionalId};Node;getSimilarRecipeSuggestion;;;;;;;;;;;;;;;;;;;;
Entrypoint;FIX;GET /sync/{resourceRequested}/{domain}/{timestamp};Node;apiproSynchronization;Node;synchronization;;;;;;;;;;;;;;;;;;
Entrypoint;KEEP;GET /topRecipes/{sourceSystem}/{topRecipeFunctionalId};Node;getRecipesByTopRecipe;;;;;;;;;;;;;;;;;;;;
Entrypoint;KEEP;GET /topRecipes/{topRecipeUid}/improvement/dashboard;Node;getSematicImprovers;;;;;;;;;;;;;;;;;;;;
Entrypoint;DELETE;GET /transcodifications;Node;transcodifications;;;;;;;;;;;;;;;;;;;;
Entrypoint;DELETE;GET /transcodifications/markets/{dcpKey};Node;getTranscodificationsByDomainType;Node;transcodifications;;;;;;;;;;;;;;;;;;
Entrypoint;KEEP;GET /v2/abacus/list/markets;Node;getAbacusMarketsForDomain;;;;;;;;;;;;;;;;;;;;
Entrypoint;KEEP;GET /v2/kitchenwares;Node;getKitchenwares;;;;;;;;;;;;;;;;;;;;
Entrypoint;KEEP;GET /v2/profiles/me;Node;findHouseholdByProfileId;;;;;;;;;;;;;;;;;;;;
Entrypoint;KEEP;GET /v2/programs;Node;readProgramsByApplianceGroup;;;;;;;;;;;;;;;;;;;;
Entrypoint;DELETE;GET /v2/recipes/{sourceSystem}/{functionalId};Node;datastoreSearch;Node;datastoreSearch;;;;;;;;;;;;;;;;;;
Entrypoint;DELETE;GET /v2/recipes/{sourceSystem}/{functionalId}/comments;Node;datastoreGetCommentPlains;;;;;;;;;;;;;;;;;;;;
Entrypoint;KEEP;GET /v2/sebana/{resource};Node;dataCollectResource;;;;;;;;;;;;;;;;;;;;
Entrypoint;KEEP;GET /v2/sync/{resourceRequested}/{timestamp};Node;synchronization;;;;;;;;;;;;;;;;;;;;
Entrypoint;DELETE;GET /variants;Node;getRecipesByTopRecipe;;;;;;;;;;;;;;;;;;;;
Entrypoint;KEEP;GET /variantsInfo;Node;getRecipesInfoByTopRecipe;;;;;;;;;;;;;;;;;;;;
Node;KEEP;getAbacusMarketsForDomain;Node;datastoreGetAbacusMarketsForDomain;;;;;;;;;;;;;;;;;;;;
Node;DELETE;getAllTransactions;Node;datastoreSearch;;;;;;;;;;;;;;;;;;;;
Node;DELETE;getApplianceByApplianceGroup;Node;datastoreSearch;;;;;;;;;;;;;;;;;;;;
Node;KEEP;getAuthenticatdProfile;Node;datastoreGetAuthenticatedProfile;;;;;;;;;;;;;;;;;;;;
Node;VALIDATE;getContentTree;Node;datastoreGetContentTree;;;;;;;;;;;;;;;;;;;;
Node;KEEP;getKitchenwares;Node;datastoreRoute;;;;;;;;;;;;;;;;;;;;
Node;DELETE;getNavigationCardSuggestion;Node;suggestions;Node;datastoreReadBatch;;;;;;;;;;;;;;;;;;
Node;KEEP;getProductReferencesHierarchy;Node;datastoreGetProductReferences;;;;;;;;;;;;;;;;;;;;
Node;KEEP;getProfileByRcuUserId;Node;datastoregetprofileByRcuUserId;;;;;;;;;;;;;;;;;;;;
Node;DELETE;getRandomSuggestions;Node;datastoreGetRandomSuggestions;;;;;;;;;;;;;;;;;;;;
Node;KEEP;getRecipesByTopRecipe;Node;datastoreSearch;;;;;;;;;;;;;;;;;;;;
Node;KEEP;getRecipesInfoByTopRecipe;Node;datastoreSearch;;;;;;;;;;;;;;;;;;;;
Node;DELETE;getRecipeSuggestion;Node;suggestions;Node;suggestionReadRecipeSuggestions;Node;datastoreReadBatch;;;;;;;;;;;;;;;;
Node;DELETE;getRecipeSuggestionProfileParameter;Node;suggestions;Node;datastoreReadBatch;;;;;;;;;;;;;;;;;;
Node;KEEP;getSematicImprovers;Node;datastoreGetSemanticImprovers;;;;;;;;;;;;;;;;;;;;
Node;DELETE;getSimilarRecipeSuggestion;Node;querySimilarRecipes;;;;;;;;;;;;;;;;;;;;
Node;DELETE;getTranscodificationsByDomainType;Node;datastoreSearch;;;;;;;;;;;;;;;;;;;;
Node;DELETE;getTypologiesSuggestion;Node;suggestionReadTypologySuggestions;;;;;;;;;;;;;;;;;;;;
Node;KEEP;importRefData;Node;refDataImporter;;;;;;;;;;;;;;;;;;;;
Node;VALIDATE;importRefDataMedia;Node;refDataMediaImporter;;;;;;;;;;;;;;;;;;;;
Node;KEEP;indexAndMailComment;Node;sendMail;Node;prepareIndexComment;;;;;;;;;;;;;;;;;;
Node;KEEP;indexationAndDatastoreUpdate;Node;crud;;;;;;;;;;;;;;;;;;;;
Node;KEEP;indexatorAuthProfile;Node;crudIndexation;;;;;;;;;;;;;;;;;;;;
Node;KEEP;indexatorIndexMultipleResources;Node;multipleIndexation;;;;;;;;;;;;;;;;;;;;
Node;KEEP;indexatorIndexResources;Node;FirstIndexation;;;;;;;;;;;;;;;;;;;;
Node;DELETE;indexCreate;;;;;;;;;;;;;;;;;;;;;;
Node;KEEP;indexCreateSimple;Node;profileWrapperIndexation;Node;setNormalizedValues;Exitpoint;search-indexation-service;;;;;;;;;;;;;;;;
Node;DELETE;indexDelete;Exitpoint;search-indexation-service;;;;;;;;;;;;;;;;;;;;
Node;KEEP;indexQuery;Exitpoint;search-query-service;;;;;;;;;;;;;;;;;;;;
Node;DELETE;indexRecipe;Node;indexCreate;;;;;;;;;;;;;;;;;;;;
Node;FIX;login;Node;datastoreLogin;Node;SSOApiPro;;;;;;;;;;;;;;;;;;
Node;KEEP;loopIndexation;Node;findAndIndex;;;;;;;;;;;;;;;;;;;;
Node;KEEP;medias;Node;s4Medias;Node;s4Output;;;;;;;;;;;;;;;;;;
Node;KEEP;mediasProperties;Node;s4MediasProperties;Node;s4Output;;;;;;;;;;;;;;;;;;
Node;KEEP;membersUidByProfile;Node;datastoreMembersByProfiles;;;;;;;;;;;;;;;;;;;;
Node;KEEP;moderationSendEmail;Exitpoint;Send email;;;;;;;;;;;;;;;;;;;;
Node;FIX;moveProfileToAnotherPerimeter;Node;datastoreMoveProfileToAnotherPerimeter;Node;crudIndexation;;;;;;;;;;;;;;;;;;
Node;KEEP;multipleIndexation;Node;indexatorIndexResources;;;;;;;;;;;;;;;;;;;;
Node;KEEP;normalizatorNormalizeData;Exitpoint;normalizator-service;;;;;;;;;;;;;;;;;;;;
Exitpoint;KEEP;normalizator-service;;;;;;;;;;;;;;;;;;;;;;
Node;KEEP;normalizeUnitData;Node;normalizatorNormalizeData;;;;;;;;;;;;;;;;;;;;
Node;KEEP;otherVariantsIndexation;Node;findVariantsUids;Node;crudIndexation;;;;;;;;;;;;;;;;;;
Node;KEEP;paginatedRead;Node;datastoreReadAll;;;;;;;;;;;;;;;;;;;;
Node;KEEP;parallelIndexation;Node;indexCreateSimple;;;;;;;;;;;;;;;;;;;;
Entrypoint;KEEP;PATCH /comments/batch;Node;batchComments;Node;getRecipesByTopRecipe;;;;;;;;;;;;;;;;;;
Node;KEEP;placeProfileIndexation;Node;profilesByPlace;Node;crudIndexation;;;;;;;;;;;;;;;;;;
Entrypoint;KEEP;POST /{domainTypeName};Node;indexatorIndexMultipleResources;;;;;;;;;;;;;;;;;;;;
Entrypoint;FIX;POST /accounts/{sourceSystem};Node;uniquenessSerialNumber;Node;findByEmailInPerimeter;Node;crudHousehold;Node;sendEmail;Node;updateDeleteAccount;Node;findHouseholdByProfileId;Node;doubleOptin;;;;;;;;
Entrypoint;DELETE;POST /adaptation/adapt;Node;adaptRecipe;Node;readFood;;;;;;;;;;;;;;;;;;
Entrypoint;DELETE;POST /adaptation/revert/{sourceSystemKey}/{functionalId};Node;revertRecipeAdaptation;Node;readFood;;;;;;;;;;;;;;;;;;
Entrypoint;DELETE;POST /admin/apiProSynchronisation;Node;toApiProSynchronisation;;;;;;;;;;;;;;;;;;;;
Entrypoint;KEEP;POST /admin/comments/denormalize;Node;denormalizeComments;;;;;;;;;;;;;;;;;;;;
Entrypoint;KEEP;POST /admin/maintenance/refData/consistencies/scale;Node;datastoreFindLastModifiedReferenceData;Node;datastoreFindResources;;;;;;;;;;;;;;;;;;
Entrypoint;VALIDATE;POST /admin/maintenance/refDataMedia/import;Node;importRefDataMedia;;;;;;;;;;;;;;;;;;;;
Entrypoint;KEEP;POST /admin/recipes/copy;Node;variantRecipe;;;;;;;;;;;;;;;;;;;;
Entrypoint;KEEP;POST /admin/recipes/denormalize;Node;denormalizeRecipes;;;;;;;;;;;;;;;;;;;;
Entrypoint;KEEP;POST /admin/recipes/duplicateApplianceGroup;Node;checkDuplication;Node;findHouseholdByProfileId;Node;duplicateApplianceGroup;Node;searchRecipe;;;;;;;;;;;;;;
Entrypoint;KEEP;POST /batch/exportDataRefs;Node;exportDataRefBatch;;;;;;;;;;;;;;;;;;;;
Entrypoint;KEEP;POST /comments/search;Node;search;;;;;;;;;;;;;;;;;;;;
Entrypoint;KEEP;POST /contents;Node;cru;Node;crud;;;;;;;;;;;;;;;;;;
Entrypoint;KEEP;POST /contents/acp;Node;findHouseholdByProfileId;Node;autocompletion;;;;;;;;;;;;;;;;;;
Entrypoint;KEEP;POST /contents/search;Node;search;;;;;;;;;;;;;;;;;;;;
Entrypoint;VALIDATE;POST /contents/updateHierarchyStatus;Node;updateContentTreeStatus;;;;;;;;;;;;;;;;;;;;
Entrypoint;KEEP;POST /datarefs/{resourceName}/search;Node;search;;;;;;;;;;;;;;;;;;;;
Entrypoint;KEEP;POST /datarefs/acp;Node;autocompletion;;;;;;;;;;;;;;;;;;;;
Entrypoint;DELETE;POST /differentiate;Node;differentiate;;;;;;;;;;;;;;;;;;;;
Entrypoint;KEEP;POST /households/{sourceSystem}/{functionalId}/members;Node;crudHouseholdMembers;;;;;;;;;;;;;;;;;;;;
Entrypoint;KEEP;POST /indexator/{domainTypeName}/{elementName};Node;indexatorIndexMultipleResources;;;;;;;;;;;;;;;;;;;;
Entrypoint;KEEP;POST /ingredients/improvement/search;Node;findHouseholdByProfileId;Node;search;;;;;;;;;;;;;;;;;;
Entrypoint;KEEP;POST /ingredients/parse;Node;readReferenceData;;;;;;;;;;;;;;;;;;;;
Entrypoint;FIX;POST /login;Node;login;Node;crudHousehold;Node;getProfileByRcuUserId;Node;sendEmail;Node;uniquenessSerialNumber;Node;doubleOptin;;;;;;;;;;
Entrypoint;KEEP;POST /packs/{packKey}/binaries;Node;generatePackBinary;Node;readReferenceData;;;;;;;;;;;;;;;;;;
Entrypoint;KEEP;POST /pictures/upload /pictures /videos/upload /videos /upload;Node;medias;;;;;;;;;;;;;;;;;;;;
Entrypoint;FIX;POST /profiles/{sourceSystem};Node;crudHousehold;Node;uniquenessSerialNumber;Node;doubleOptin;;;;;;;;;;;;;;;;
Entrypoint;FIX;POST /profiles/{sourceSystem}/{functionalId}/move;Node;moveProfileToAnotherPerimeter;;;;;;;;;;;;;;;;;;;;
Entrypoint;KEEP;POST /profiles/{sourceSystem}/{functionalId}/products;Node;sendEmail;Node;productInProfile;Node;uniquenessSerialNumber;;;;;;;;;;;;;;;;
Entrypoint;KEEP;POST /profiles/search;Node;search;;;;;;;;;;;;;;;;;;;;
Entrypoint;KEEP;POST /recipes /recipes/{sourceSystem};Node;create;Node;readReferenceData;Node;cuRecipe;;;;;;;;;;;;;;;;
Entrypoint;KEEP;POST /recipes/{sourceSystem}/{functionalId}/binaries;Node;generateRecipeBinary;;;;;;;;;;;;;;;;;;;;
Entrypoint;KEEP;POST /recipes/{sourceSystem}/{functionalId}/comments;Node;crud;;;;;;;;;;;;;;;;;;;;
Entrypoint;KEEP;POST /recipes/{sourceSystem}/{functionalId}/evaluations;Node;createEvaluationAndGetAverage;;;;;;;;;;;;;;;;;;;;
Entrypoint;KEEP;POST /recipes/{sourceSystem}/{functionalId}/moderations;Node;recipeModeration;;;;;;;;;;;;;;;;;;;;
Entrypoint;KEEP;POST /recipes/{sourceSystem}/{functionalId}/packs/{packKey};Node;recipePackAssociation;;;;;;;;;;;;;;;;;;;;
Entrypoint;KEEP;POST /recipes/acp;Node;findHouseholdByProfileId;Node;autocompletion;;;;;;;;;;;;;;;;;;
Entrypoint;KEEP;POST /recipes/acp/ingredients;Node;findHouseholdByProfileId;Node;autocompletion;;;;;;;;;;;;;;;;;;
Entrypoint;KEEP;POST /recipes/copy;Node;copyRecipes;Node;searchRecipe;;;;;;;;;;;;;;;;;;
Entrypoint;KEEP;POST /recipes/export;Node;exportRecipes;Node;sendEmail;;;;;;;;;;;;;;;;;;
Entrypoint;KEEP;POST /recipes/facet/{facetName};Node;normalizeUnitData;Node;findHouseholdByProfileId;Node;searchRecipe;;;;;;;;;;;;;;;;
Entrypoint;KEEP;POST /recipes/search;Node;normalizeUnitData;Node;findHouseholdByProfileId;Node;searchRecipe;;;;;;;;;;;;;;;;
Entrypoint;KEEP;POST /recipes/statuses;Node;updateVariantsStatusesBatch;;;;;;;;;;;;;;;;;;;;
Entrypoint;DELETE;POST /recipes/typologies/{typology};Node;getRecipeSuggestion;Node;createContexts;;;;;;;;;;;;;;;;;;
Entrypoint;KEEP;POST /references/{resourceName}/orders;Node;updateOrdersRefData;;;;;;;;;;;;;;;;;;;;
Entrypoint;KEEP;POST /referenceTypes/{resourceName};Node;functionalCreateDomainForReferenceDataType;;;;;;;;;;;;;;;;;;;;
Entrypoint;KEEP;POST /refreshToken;Node;findByEmailInPerimeter;Node;uniquenessSerialNumber;;;;;;;;;;;;;;;;;;
Entrypoint;DELETE;POST /signin;Node;login;Node;findByEmailInPerimeter;Node;crudHousehold;Node;getProfileByRcuUserId;Node;sendEmail;Node;uniquenessSerialNumber;Node;medias;Node;doubleOptin;Node;transcodifications;;;;
Entrypoint;DELETE;POST /suggest/recipes/profileParameters;Node;getRecipeSuggestionProfileParameter;;;;;;;;;;;;;;;;;;;;
Entrypoint;DELETE;POST /suggest/recipes/proposals;Node;getRecipeSuggestion;Node;createContexts;Node;findHouseholdByProfileId;Node;getTypologiesSuggestion;;;;;;;;;;;;;;
Entrypoint;DELETE;POST /suggest/recipes/typologies/{typology};Node;findHouseholdByProfileId;;;;;;;;;;;;;;;;;;;;
Entrypoint;DELETE;POST /suggest/typologies;Node;createContexts;Node;findHouseholdByProfileId;Node;getTypologiesSuggestion;;;;;;;;;;;;;;;;
Entrypoint;DELETE;POST /transactions/batchAdd;Node;saveCollection;;;;;;;;;;;;;;;;;;;;
Entrypoint;KEEP;POST /v2/abacus/export/market;Node;medias;Node;readReferenceData;Node;datastoreGetAllAbacusByMarket;Node;findTemplateRecipes;Node;readAllReferenceData;;;;;;;;;;;;
Entrypoint;KEEP;POST /v2/abacus/export/template;Node;medias;Node;readReferenceData;Node;datastoreGetAllAbacusByMarket;Node;findTemplateRecipes;Node;readAllReferenceData;;;;;;;;;;;;
Entrypoint;KEEP;POST /v2/abacus/import;Node;create;Node;readReferenceData;Node;datastoreSearch;Node;cuRecipe;Node;findAbacusesByIdentifier;Node;functionalGetReferenceDataLabelDomainMarketLang;;;;;;;;;;
Entrypoint;KEEP;POST /v2/abacus/references/{resourceName}/{key};Node;readReferenceData;;;;;;;;;;;;;;;;;;;;
Entrypoint;KEEP;POST /v2/ingredients/parse;Node;semantizeIngredients;;;;;;;;;;;;;;;;;;;;
Entrypoint;KEEP;POST /v2/iotProducts;Node;productInProfile;Node;updateProductWithMarket;;;;;;;;;;;;;;;;;;
Entrypoint;KEEP;POST /v2/notificationTokens;Node;saveNotificationToken;;;;;;;;;;;;;;;;;;;;
Entrypoint;KEEP;POST /v2/packs/{packKey}/archives;Node;readReferenceData;;;;;;;;;;;;;;;;;;;;
Entrypoint;FIX;POST /v2/profiles/{sourceSystem};Node;uniquenessSerialNumber;Node;crudHousehold;Node;sendEmail;Node;doubleOptin;;;;;;;;;;;;;;
Entrypoint;KEEP;POST /v2/profiles/me/products;Node;sendEmail;Node;uniquenessSerialNumber;Node;productInProfile;;;;;;;;;;;;;;;;
Entrypoint;FIX;POST /v2/rcu/signin;Node;getProfileByRcuUserId;Node;sendEmail;Node;doubleOptin;Node;crudHousehold;;;;;;;;;;;;;;
Entrypoint;KEEP;POST /v2/recipes /v2/recipes/{sourceSystem};Node;create;Node;readReferenceData;Node;cuRecipe;;;;;;;;;;;;;;;;
Entrypoint;KEEP;POST /v2/recipes/translations/export;Node;medias;Node;readReferenceData;Node;sendEmail;Node;findHouseholdByProfileId;Node;findRecipePlains;Node;searchRecipe;;;;;;;;;;
Entrypoint;KEEP;POST /v2/recipes/translations/import;Node;create;Node;readReferenceData;Node;cuRecipe;Node;sendEmail;;;;;;;;;;;;;;
Entrypoint;KEEP;POST /v2/references/import;Node;importRefData;;;;;;;;;;;;;;;;;;;;
Entrypoint;KEEP;POST /v3/contents/copy;Node;copyContents;;;;;;;;;;;;;;;;;;;;
Entrypoint;KEEP;POST recipes/{sourceSystem}/{functionalId}/variant;Node;variantRecipe;;;;;;;;;;;;;;;;;;;;
Node;KEEP;prepareIndexComment;Node;crudIndexation;;;;;;;;;;;;;;;;;;;;
Node;FIX;preparePackBinary;Node;readReferenceData;Node;getTranscodificationsByDomainType;;;;;;;;;;;;;;;;;;
Node;KEEP;processingGeneration;Exitpoint;Binerator service;;;;;;;;;;;;;;;;;;;;
Node;KEEP;processLock;Node;catchingGlobalProcess;;;;;;;;;;;;;;;;;;;;
Node;KEEP;productInProfile;Node;datastoreProductInProfile;Node;productProfileIndexation;;;;;;;;;;;;;;;;;;
Node;KEEP;productProfileIndexation;Node;profilesByProduct;Node;crudIndexation;;;;;;;;;;;;;;;;;;
Node;DELETE;profileAuthentication;Node;datastoreProfileAuthentication;;;;;;;;;;;;;;;;;;;;
Node;KEEP;profileExporter;Exitpoint;Profiles exporter service;;;;;;;;;;;;;;;;;;;;
Node;KEEP;profileIndexation;Node;crudIndexation;;;;;;;;;;;;;;;;;;;;
Exitpoint;KEEP;Profiles exporter service;;;;;;;;;;;;;;;;;;;;;;
Node;KEEP;profilesByPlace;Node;datastoreProfilesByPlace;;;;;;;;;;;;;;;;;;;;
Node;KEEP;ProfilesByPreference;Node;datastoreProfilesByPreference;;;;;;;;;;;;;;;;;;;;
Node;KEEP;profilesByProduct;Node;datastoreProfilesByProduct;;;;;;;;;;;;;;;;;;;;
Node;KEEP;profilesUidByProduct;Node;datastoreProfilesByProduct;;;;;;;;;;;;;;;;;;;;
Node;KEEP;profileWrapperIndexation;Node;datastoreFindResources;;;;;;;;;;;;;;;;;;;;
Node;KEEP;publishArchive;Node;datastorePublishArchive;;;;;;;;;;;;;;;;;;;;
Node;KEEP;publishPack;Node;generatePackBinary;Node;publishPackBinary;Node;datastorePublishPack;Node;datastoreReadPack;Node;crudIndexation;Node;reindexPack;;;;;;;;;;
Node;KEEP;publishPackBinary;Node;rudBinary;;;;;;;;;;;;;;;;;;;;
Entrypoint;KEEP;PUT /accounts/{sourceSystem};Node;findHouseholdByProfileId;;;;;;;;;;;;;;;;;;;;
Entrypoint;DELETE;PUT /admin/recipes;Node;crudIndexation;;;;;;;;;;;;;;;;;;;;
Entrypoint;KEEP;PUT /comments/{sourceSystem}/{functionalId};Node;crud;;;;;;;;;;;;;;;;;;;;
Entrypoint;KEEP;PUT /contents/{sourceSystem}/{functionalId};Node;crud;;;;;;;;;;;;;;;;;;;;
Entrypoint;KEEP;PUT /households/{sourceSystem}/{functionalId}/members;Node;crudHouseholdMembers;;;;;;;;;;;;;;;;;;;;
Entrypoint;KEEP;PUT /ingredients/improvement/{semanticImproverUid};Node;updateSemanticImprover;;;;;;;;;;;;;;;;;;;;
Entrypoint;KEEP;PUT /packs/{packKey}/binaries/{binaryId}/publish;Node;rudBinary;Node;readReferenceData;;;;;;;;;;;;;;;;;;
Entrypoint;KEEP;PUT /packs/{packKey}/publish;Node;publishPack;Node;readReferenceData;;;;;;;;;;;;;;;;;;
Entrypoint;KEEP;PUT /packs/{packKey}/unpublish;Node;unpublishPack;;;;;;;;;;;;;;;;;;;;
Entrypoint;KEEP;PUT /productReferences/{key};Node;datastoreCrud;;;;;;;;;;;;;;;;;;;;
Entrypoint;KEEP;PUT /products/{sourceSystem}/{functionalId};Node;sendEmail;Node;uniquenessSerialNumber;Node;updateProductWithMarket;;;;;;;;;;;;;;;;
Entrypoint;FIX;PUT /profiles/{sourceSystem}/{functionalId};Node;uniquenessSerialNumber;Node;updateProfileWrapper;Node;sendEmail;Node;findHouseholdByProfileId;Node;doubleOptin;;;;;;;;;;;;
Entrypoint;KEEP;PUT /profiles/{sourceSystem}/{functionalId}/accounts;Node;updateDeleteAccount;Node;findHouseholdByProfileId;;;;;;;;;;;;;;;;;;
Entrypoint;KEEP;PUT /profiles/{sourceSystem}/{functionalId}/accounts/{accountType};Node;updateDeleteAccount;Node;findHouseholdByProfileId;;;;;;;;;;;;;;;;;;
Entrypoint;KEEP;PUT /profiles/{sourceSystem}/{functionalId}/accounts/{accountType}/resetPassword;Node;findAndClassifyProfile;Node;sendEmail;;;;;;;;;;;;;;;;;;
Entrypoint;KEEP;PUT /profiles/{sourceSystem}/{functionalId}/authorizations;Node;indexatorAuthProfile;Node;sendEmail;;;;;;;;;;;;;;;;;;
Entrypoint;DELETE;PUT /profiles/optin;Node;sendEmail;Node;doubleOptin;;;;;;;;;;;;;;;;;;
Entrypoint;DELETE;PUT /profiles/optout;Node;sendEmail;Node;doubleOptin;;;;;;;;;;;;;;;;;;
Entrypoint;KEEP;PUT /recipes/{sourceSystem}/{functionalId};Node;cuRecipe;Node;readReferenceData;;;;;;;;;;;;;;;;;;
Entrypoint;KEEP;PUT /recipes/{sourceSystem}/{functionalId}/binaries/{binaryId}/publish;Node;rudBinary;;;;;;;;;;;;;;;;;;;;
Entrypoint;KEEP;PUT /references/{resourceName}/{key}/targetDomains;Node;functionalUpdateReferenceDataAssociatedDomains;;;;;;;;;;;;;;;;;;;;
Entrypoint;KEEP;PUT /statics/{fid}/properties;Node;mediasProperties;;;;;;;;;;;;;;;;;;;;
Entrypoint;KEEP;PUT /topRecipes/{sourceSystem}/{functionalId}/variants/status;Node;updateVariantsStatus;;;;;;;;;;;;;;;;;;;;
Entrypoint;KEEP;PUT /v2/packs/{packKey}/archives/{archiveId}/publish;Node;medias;Node;readReferenceData;Node;publishArchive;;;;;;;;;;;;;;;;
Entrypoint;DELETE;PUT /v2/products/{rcuAssetId};Node;sendEmail;Node;uniquenessSerialNumber;Node;updateProductWithMarket;;;;;;;;;;;;;;;;
Entrypoint;FIX;PUT /v2/profiles/{rcuAccountId};Node;updateProfileWrapper;Node;uniquenessSerialNumber;Node;doubleOptin;;;;;;;;;;;;;;;;
Entrypoint;KEEP;PUT /v2/profiles/{sourceSystem}/{functionalId}/accounts/{accountType};Node;updateDeleteAccount;Node;findHouseholdByProfileId;;;;;;;;;;;;;;;;;;
Entrypoint;KEEP;PUT /v2/profiles/{sourceSystem}/{functionalId}/accounts/{accountType}/resetPassword;Node;findAndClassifyProfile;Node;sendEmail;;;;;;;;;;;;;;;;;;
Entrypoint;FIX;PUT /v2/profiles/me;Node;updateProfileWrapper;Node;sendEmail;Node;uniquenessSerialNumber;Node;doubleOptin;;;;;;;;;;;;;;
Entrypoint;KEEP;PUT /v2/profiles/resetPassword;Node;findAndClassifyProfile;Node;sendEmail;;;;;;;;;;;;;;;;;;
Entrypoint;KEEP;PUT /v2/recipes/{sourceSystem}/{functionalId};Node;cuRecipe;Node;readReferenceData;Node;cuRecipe;Node;datastoreSearch;;;;;;;;;;;;;;
Entrypoint;KEEP;PUT /v2/rucProfiles/{rcuAccountId};Node;updateEaiAsynchronousProfiles;;;;;;;;;;;;;;;;;;;;
Node;DELETE;querySimilarRecipes;Exitpoint;search-query-service;;;;;;;;;;;;;;;;;;;;
Entrypoint;KEEP;Queue Consistency;Node;crudIndexation;Node;findByEmailInPerimeter;Node;semantization;;;;;;;;;;;;;;;;
Node;KEEP;readAllReferenceData;Exitpoint;datastore-service;;;;;;;;;;;;;;;;;;;;
Node;DELETE;readApiproMedia;Node;apiproReadMedia;;;;;;;;;;;;;;;;;;;;
Node;DELETE;readBasicPreparation;Node;semanticReadBasicPreparation;;;;;;;;;;;;;;;;;;;;
Node;DELETE;readById;Node;datastoreReadById;;;;;;;;;;;;;;;;;;;;
Node;DELETE;readEnriched;Exitpoint;semantic-service;;;;;;;;;;;;;;;;;;;;
Node;KEEP;readEvaluationByRecipeAndUser;Node;datastoreReadEvaluationByRecipeAndUser;;;;;;;;;;;;;;;;;;;;
Node;KEEP;readEvaluationByUserAndDate;Node;datastoreReadEvaluationByUserAndDate;;;;;;;;;;;;;;;;;;;;
Node;KEEP;readEvaluationByUserId;Node;datastoreReadEvaluationByUserId;;;;;;;;;;;;;;;;;;;;
Node;KEEP;readExtendedProfile;Node;datastoreGetExtendedProfile;;;;;;;;;;;;;;;;;;;;
Node;DELETE;readFood;Node;semanticReadFood;;;;;;;;;;;;;;;;;;;;
Node;DELETE;readMedia;Node;s4ReadMedia;;;;;;;;;;;;;;;;;;;;
Node;KEEP;readProgramsByApplianceGroup;Node;datastoreRoute;;;;;;;;;;;;;;;;;;;;
Node;KEEP;readRecipe;Node;datastoreCrud;;;;;;;;;;;;;;;;;;;;
Node;DELETE;readRecipeAdaptations;Node;datastoreReadRecipeAdaptations;;;;;;;;;;;;;;;;;;;;
Node;KEEP;readReferenceData;Node;datastoreReadReferenceData;;;;;;;;;;;;;;;;;;;;
Node;DELETE;readTechnique;Node;datastoreReadById;;;;;;;;;;;;;;;;;;;;
Exitpoint;KEEP;recipe-adapter-service;;;;;;;;;;;;;;;;;;;;;;
Node;KEEP;recipeModeration;Node;datastoreRecipeModeration;Node;crudIndexation;Node;crud;Node;moderationSendEmail;;;;;;;;;;;;;;
Node;KEEP;recipePackAssociation;Node;datastoreRecipePackAssociation;Node;crudIndexation;;;;;;;;;;;;;;;;;;
Node;KEEP;recipesExporter;Node;uploadOnS4;Exitpoint;recipes-exporter;;;;;;;;;;;;;;;;;;
Exitpoint;KEEP;recipes-exporter;;;;;;;;;;;;;;;;;;;;;;
Exitpoint;DELETE;RecommandationService;;;;;;;;;;;;;;;;;;;;;;
Node;VALIDATE;refDataImporter;Exitpoint;references-import-service;;;;;;;;;;;;;;;;;;;;
Node;VALIDATE;refDataMediaImporter;Node;processLock;;;;;;;;;;;;;;;;;;;;
Node;VALIDATE;refreshDocument;Node;crud;;;;;;;;;;;;;;;;;;;;
Node;KEEP;reindexPack;Node;findRecipesByPack;Node;crudIndexation;;;;;;;;;;;;;;;;;;
Node;DELETE;revertRecipeAdaptation;Node;adapterRevertRecipeAdaptation;;;;;;;;;;;;;;;;;;;;
Node;KEEP;rudBinary;Node;datastorePublishBinary;Node;datastoreCrudBinary;;;;;;;;;;;;;;;;;;
Node;KEEP;s4Http;Exitpoint;s4-service;;;;;;;;;;;;;;;;;;;;
Node;KEEP;s4Medias;Node;s4Http;;;;;;;;;;;;;;;;;;;;
Node;KEEP;s4MediasProperties;Node;s4Http;;;;;;;;;;;;;;;;;;;;
Node;KEEP;s4Output;Node;datastoreCrud;;;;;;;;;;;;;;;;;;;;
Exitpoint;KEEP;s4-service;;;;;;;;;;;;;;;;;;;;;;
Node;KEEP;saveCollection;Node;datastoreBatch;Node;specificAfterCRUDOperation;;;;;;;;;;;;;;;;;;
Node;KEEP;saveNotificationToken;Node;datastoreSaveNotificationToken;;;;;;;;;;;;;;;;;;;;
Node;KEEP;search;Exitpoint;search-query-service;;;;;;;;;;;;;;;;;;;;
Exitpoint;KEEP;search-indexation-service;;;;;;;;;;;;;;;;;;;;;;
Node;KEEP;searchProfile;Node;datastoreSearch;;;;;;;;;;;;;;;;;;;;
Exitpoint;KEEP;search-query-service;;;;;;;;;;;;;;;;;;;;;;
Node;KEEP;searchRecipe;Node;indexQuery;;;;;;;;;;;;;;;;;;;;
Node;VALIDATE;searchRemoveRecipe;Exitpoint;search-query-service;;;;;;;;;;;;;;;;;;;;
Node;DELETE;searchSchedules;Node;datastoreSearchSchedules;;;;;;;;;;;;;;;;;;;;
Node;KEEP;semanticImproverIndexation;Node;semanticImproversIndexation;Node;findByTopRecipeUidIndexationFormat;;;;;;;;;;;;;;;;;;
Node;KEEP;semanticImproversIndexation;Exitpoint;search-indexation-service;;;;;;;;;;;;;;;;;;;;
Node;DELETE;semanticReadBasicPreparation;Exitpoint;semantic-service;;;;;;;;;;;;;;;;;;;;
Node;DELETE;semanticReadFood;Exitpoint;semantic-service;;;;;;;;;;;;;;;;;;;;
Node;KEEP;semanticSemantizeIngredients;Exitpoint;semantic-service;;;;;;;;;;;;;;;;;;;;
Exitpoint;KEEP;semantic-service;;;;;;;;;;;;;;;;;;;;;;
Node;KEEP;semantization;Node;datastoreGetResourceInSearchVersion;Node;enrichmentAndIndexationAndDatastoreUpdate;;;;;;;;;;;;;;;;;;
Node;KEEP;semantizeIngredients;Node;semanticSemantizeIngredients;;;;;;;;;;;;;;;;;;;;
Node;KEEP;semantizeRecipe;Node;enrichmentAndIndexationAndDatastoreUpdate;Node;semanticImproverIndexation;;;;;;;;;;;;;;;;;;
Exitpoint;KEEP;Send email;;;;;;;;;;;;;;;;;;;;;;
Node;KEEP;sendEmail;Exitpoint;Send email;;;;;;;;;;;;;;;;;;;;
Node;KEEP;sendMail;Node;findProfilePerimterByProfileUid;;;;;;;;;;;;;;;;;;;;
Node;KEEP;setNormalizedValues;Node;normalizatorNormalizeData;;;;;;;;;;;;;;;;;;;;
Node;KEEP;specificAfterCRUDOperation;Node;otherVariantsIndexation;Node;productProfileIndexation;Node;placeProfileIndexation;Node;crudIndexation;;;;;;;;;;;;;;
Node;KEEP;specificBeforeCRUDOperation;Node;specificBeforePackUpdate;Node;profilesByProduct;;;;;;;;;;;;;;;;;;
Node;KEEP;specificBeforePackUpdate;Node;datastoreReadPack;Node;datastoreUnpublishPack;Node;crudIndexation;Node;reindexPack;;;;;;;;;;;;;;
Node;DELETE;SSOApiPro;Node;datastoreSearch;Node;apiproGetToken;Node;crud;Node;datastoreLogin;;;;;;;;;;;;;;
Node;DELETE;suggestionComputeTypologySuggestions;Exitpoint;RecommandationService;;;;;;;;;;;;;;;;;;;;
Node;DELETE;suggestionReadRecipeSuggestions;Exitpoint;RecommandationService;;;;;;;;;;;;;;;;;;;;
Node;DELETE;suggestionReadTypologySuggestions;Exitpoint;datastore-service;;;;;;;;;;;;;;;;;;;;
Node;DELETE;suggestions;Exitpoint;search-query-service;;;;;;;;;;;;;;;;;;;;
Node;KEEP;synchronization;Node;datastoreSynchronization;;;;;;;;;;;;;;;;;;;;
Node;DELETE;synchronize;Node;apiproSynchronizeRecipe;;;;;;;;;;;;;;;;;;;;
Node;DELETE;synchronizeDsAndmulticast;Node;datastoreFindResources;Node;synchronize;;;;;;;;;;;;;;;;;;
Node;DELETE;synchronizeLoopIndexation;Node;synchronizeDsAndmulticast;;;;;;;;;;;;;;;;;;;;
Node;DELETE;syncRecipe;Node;apiproSynchronizeRecipe;;;;;;;;;;;;;;;;;;;;
Node;DELETE;toApiProSynchronisation;Node;synchronizeLoopIndexation;;;;;;;;;;;;;;;;;;;;
Node;KEEP;toDatastore;Exitpoint;datastore-service;Node;datastoreSynchronizationRecipe;Node;datastoreSynchronizationEvaluation;Node;datastoreSynchronizationComment;Node;datastoreSynchronizationPack;Node;datastoreSynchronizationContent;Node;datastoreSynchronizationOther;;;;;;;;
Node;FIX;toSemanticAndSuggestion;Node;enrich;Node;toSuggestion;Node;indexationAndDatastoreUpdate;;;;;;;;;;;;;;;;
Node;DELETE;toSuggestion;Node;suggestionComputeTypologySuggestion;;;;;;;;;;;;;;;;;;;;
Node;DELETE;transcodifications;Node;datastoreTranscodificationData;;;;;;;;;;;;;;;;;;;;
Node;KEEP;uniquenessSerialNumber;Node;datastoreUniquenessSerialNumber;Node;productProfileIndexation;;;;;;;;;;;;;;;;;;
Node;KEEP;unpublishPack;Node;datastoreUnpublishPack;;;;;;;;;;;;;;;;;;;;
Node;DELETE;update;Node;datastoreUpdate;;;;;;;;;;;;;;;;;;;;
Node;VALIDATE;updateContentTreeStatus;Node;datastoreUpdateContentTreeStatus;;;;;;;;;;;;;;;;;;;;
Node;KEEP;updateDeleteAccount;Node;datastoreUpdateDeleteAccount;;;;;;;;;;;;;;;;;;;;
Node;VALIDATE;updateDocument;Node;crud;;;;;;;;;;;;;;;;;;;;
Node;KEEP;updateEaiAsynchronousProfiles;Node;datastoreEaiProfilesAsynchronous;Node;eaiProfileIndexation;;;;;;;;;;;;;;;;;;
Node;DELETE;updateOptins;Node;datastoreUpdateOptins;;;;;;;;;;;;;;;;;;;;
Node;KEEP;updateOrdersRefData;Node;datastoreRoute;Node;crudIndexation;;;;;;;;;;;;;;;;;;
Node;KEEP;updateProductWithMarket;Node;datastoreUpdateProductWithMarket;;;;;;;;;;;;;;;;;;;;
Node;KEEP;updateProfileWrapper;Node;datastoreUpdateProfileWrapper;Node;crudIndexation;;;;;;;;;;;;;;;;;;
Node;KEEP;updateSemanticImprover;Node;datastoreUpdateSemanticImprover;Node;crudIndexation;;;;;;;;;;;;;;;;;;
Node;KEEP;updateVariantsStatus;Node;datastoreUpdateVariantsStatus;Node;crudIndexation;;;;;;;;;;;;;;;;;;
Node;KEEP;updateVariantsStatusesBatch;Node;datastoreBatch;;;;;;;;;;;;;;;;;;;;
Node;VALIDATE;upgradeResourceMedia;Node;dowloadAndUpload;;;;;;;;;;;;;;;;;;;;
Node;KEEP;uploadAndAttachBinary;Node;medias;Node;datastoreCrudBinary;;;;;;;;;;;;;;;;;;
Node;KEEP;uploadOnS4;Node;s4Medias;;;;;;;;;;;;;;;;;;;;
Node;DELETE;userLearnt;Node;datastoreUserLearnt;;;;;;;;;;;;;;;;;;;;
Node;KEEP;variantIndexationAndSemantization;Node;crudIndexation;Node;semantizeRecipe;;;;;;;;;;;;;;;;;;
Node;FIX;variantRecipe;Node;readRecipe;Node;adaptVariantRecipe;Node;crud;Node;syncRecipe;Node;semantizeRecipe;Node;readRecipe;Node;findOtherVariants;Node;adaptVariantRecipe;Node;datastoreRegenerateIds;Node;variantIndexationAndSemantization;Node;syncRecipe
